City_ID,City,Lat,Lng,Max Temp,Humidity,Cloudiness,Wind Speed,Country,Date
0,invercargill,-46.4,168.35,8.34,72,82,4.02,NZ,1726440073
1,kodiak,57.79,-152.4072,15.73,41,20,6.69,US,1726440178
2,vilyuchinsk,52.9306,158.4028,9.15,56,74,7.84,RU,1726440179
3,keflavik,64.0049,-22.5624,5.24,60,0,4.12,IS,1726440180
4,adamstown,-25.066,-130.1015,20.27,81,100,6.85,PN,1726440181
5,grytviken,-54.2811,-36.5092,-2.42,75,56,4.25,GS,1726440182
6,puerto natales,-51.7236,-72.4875,7.25,76,40,7.72,CL,1726440183
7,bethel,41.3712,-73.414,21.99,72,3,0.45,US,1726440184
8,saint-paul,-21.0096,55.2707,21.41,83,76,2.52,RE,1726440185
9,new norfolk,-42.7826,147.0587,9.4,74,80,2.71,AU,1726440074
10,vorgashor,67.5833,63.95,12.43,98,80,3.78,RU,1726440188
11,college,64.8569,-147.8028,11.97,79,75,3.6,US,1726440189
12,waitangi,-43.9535,-176.5597,9.9,96,97,2.24,NZ,1726440190
13,emerald,-23.5333,148.1667,17.41,33,0,8.52,AU,1726440191
14,saldanha,-33.0117,17.9442,13.03,84,97,8.0,ZA,1726440192
15,ilulissat,69.2167,-51.1,-1.49,77,99,2.06,GL,1726440193
16,petropavlovsk-kamchatsky,53.0452,158.6483,11.33,62,20,2.0,RU,1726440194
17,klyuchi,52.2667,79.1667,3.69,70,27,6.21,RU,1726440195
18,atafu village,-8.5421,-172.5159,27.64,78,36,4.04,TK,1726440196
19,lebedyan',53.0194,39.1664,15.08,39,8,3.69,RU,1726440198
20,ribeira grande,38.5167,-28.7,23.22,68,40,4.47,PT,1726440199
21,port-aux-francais,-49.35,70.2167,2.49,75,87,14.31,TF,1726440200
22,polyarnyy,69.1989,33.4478,9.39,97,100,1.85,RU,1726440201
23,kulhudhuffushi,6.6221,73.07,27.61,79,72,4.59,MV,1726440202
24,west end,26.6833,-78.9667,29.46,67,100,0.89,BS,1726440203
25,nemuro,43.3236,145.575,15.74,76,0,5.06,JP,1726440204
26,leninskoye,41.7589,69.3864,18.79,23,96,1.82,KZ,1726440205
27,west island,-12.1568,96.8225,25.99,78,76,6.69,CC,1726440206
28,kaspiyskiy,45.3929,47.3707,20.08,61,0,6.93,RU,1726440207
29,yellowknife,62.456,-114.3525,14.29,83,20,6.71,CA,1726440208
30,alesund,62.4723,6.1549,13.75,88,20,0.0,NO,1726440210
31,deqen,29.9618,90.7188,6.21,87,69,1.61,CN,1726440211
32,port alfred,-33.5906,26.891,12.88,95,5,0.45,ZA,1726440212
33,lihue,21.9789,-159.3672,28.77,68,20,6.69,US,1726440213
34,stanley,54.868,-1.6985,10.01,88,0,1.54,GB,1726440214
35,blackmans bay,-43.0167,147.3167,8.74,80,60,1.79,AU,1726440215
36,kodinsk,58.6881,99.1844,0.69,94,100,3.37,RU,1726440216
37,prado,-17.3411,-39.2208,24.29,79,0,6.09,BR,1726440217
38,bilibino,68.0546,166.4372,2.28,99,100,2.93,RU,1726440218
39,baturaja,-4.1333,104.1667,22.44,90,38,0.62,ID,1726440219
40,namibe,-15.1961,12.1522,17.26,86,40,2.29,AO,1726440220
41,tsetserleg,47.475,101.4542,1.02,61,0,1.33,MN,1726440222
42,thompson,55.7435,-97.8558,22.09,40,0,6.17,CA,1726440223
43,jalpa,21.6333,-102.9667,28.88,50,89,2.78,MX,1726440224
44,ugoofaaru,5.6667,73.0,28.02,76,81,4.51,MV,1726440225
45,undurkhaan,47.3194,110.6556,7.09,77,0,1.64,MN,1726440226
46,utrik,11.2278,169.8474,28.52,75,79,4.9,MH,1726440227
47,ceeldheer,3.8488,47.1806,24.06,86,67,7.02,SO,1726440228
48,pruzhany,52.5567,24.4644,18.0,36,100,5.53,BY,1726440229
49,charters towers,-20.1,146.2667,22.43,46,40,7.3,AU,1726440230
50,strezhevoy,60.7333,77.5889,1.8,81,15,2.31,RU,1726440231
51,saipan,15.1355,145.701,28.39,89,100,12.35,MP,1726440232
52,port elizabeth,-33.918,25.5701,15.73,85,0,4.63,ZA,1726440235
53,dudinka,69.4058,86.1778,5.25,59,99,6.52,RU,1726440236
54,tolanaro,-25.0319,46.9987,22.04,83,0,8.23,MG,1726440237
55,edinburgh of the seven seas,-37.0676,-12.3116,14.6,94,99,11.68,SH,1726440238
56,port mathurin,-19.6833,63.4167,21.12,63,71,9.63,MU,1726440239
57,puerto baquerizo moreno,-0.9,-89.6,23.55,88,40,8.23,EC,1726440240
58,iqaluit,63.7506,-68.5145,2.85,93,100,6.17,CA,1726440241
59,mount gambier,-37.8333,140.7667,9.91,72,96,3.1,AU,1726440242
60,qaqortoq,60.7167,-46.0333,4.83,94,100,0.52,GL,1726440244
61,nguigmi,14.2495,13.1092,31.7,54,100,4.37,NE,1726440245
62,colonia,50.9333,6.95,16.64,85,100,0.51,DE,1726440246
63,arraial do cabo,-22.9661,-42.0278,22.06,90,31,2.75,BR,1726440247
64,laojunmiao,39.8333,97.7333,11.98,75,33,3.8,CN,1726440248
65,colonia menno,-22.3667,-59.8167,18.13,72,26,3.9,PY,1726440249
66,sirte,31.2089,16.5887,24.78,66,5,2.98,LY,1726440250
67,kununurra,-15.7667,128.7333,22.99,56,7,1.54,AU,1726440251
68,st. john's,47.5649,-52.7093,11.1,78,20,5.66,CA,1726440252
69,chonchi,-42.6128,-73.8092,5.32,92,88,0.93,CL,1726440253
70,almodovar,37.4959,-8.0937,21.16,40,33,1.14,PT,1726440255
71,afaahiti,-17.75,-149.2833,24.23,79,14,1.91,PF,1726440256
72,luderitz,-26.6481,15.1594,12.25,78,0,9.36,NA,1726440257
73,papatowai,-46.5619,169.4708,7.21,67,94,2.6,NZ,1726440258
74,bella vista,36.4295,-94.2316,28.86,60,0,7.72,US,1726440260
75,seven pagodas,12.6264,80.1722,28.09,65,68,3.95,IN,1726440261
76,albany,42.6001,-73.9662,25.44,63,1,1.39,US,1726440262
77,constantia,44.1833,28.65,14.38,93,35,5.13,RO,1726440263
78,izhmorskiy,56.194,86.6414,-0.94,96,80,2.62,RU,1726440265
79,kalemie,-5.9475,29.1947,23.45,38,6,0.73,CD,1726440266
80,farakka,24.8167,87.9,25.0,93,100,9.6,IN,1726440267
81,bredasdorp,-34.5322,20.0403,12.01,73,97,1.6,ZA,1726440268
82,kidal,18.4411,1.4078,32.13,39,11,3.37,ML,1726440269
83,aioun,16.6614,-9.6149,27.41,67,87,8.52,MR,1726440270
84,xining,36.6167,101.7667,12.7,92,100,1.03,CN,1726440271
85,eureka,40.8021,-124.1637,18.44,77,90,3.13,US,1726440272
86,oriximina,-1.7656,-55.8661,31.3,42,38,1.51,BR,1726440273
87,roberval,48.5168,-72.2324,25.35,53,75,3.09,CA,1726440274
88,murghob,38.1702,73.9667,3.97,44,58,1.53,TJ,1726440277
89,tymovskoye,50.8456,142.655,12.92,65,1,2.58,RU,1726440278
90,hadibu,12.65,54.0333,24.9,82,66,7.48,YE,1726440279
91,whitehorse,60.7161,-135.0538,10.45,82,75,7.72,CA,1726440280
92,terme,41.2092,36.9739,20.45,94,2,3.91,TR,1726440281
93,letterkenny,54.95,-7.7333,8.43,98,57,0.54,IE,1726440282
94,hakui,36.8833,136.7833,24.58,90,100,5.8,JP,1726440283
95,igarka,67.4667,86.5833,3.24,65,84,2.57,RU,1726440284
96,tyazhinskiy,56.116,88.524,-0.65,95,82,2.18,RU,1726440286
97,enewetak,11.3474,162.3373,28.65,79,90,6.16,MH,1726440287
98,chengdu,30.6667,104.0667,23.94,94,40,3.0,CN,1726440288
99,udachny,66.4167,112.4,0.72,87,100,1.87,RU,1726440289
100,olonkinbyen,70.9221,-8.7187,2.58,96,100,10.85,SJ,1726440290
101,den burg,53.0542,4.7972,15.99,94,100,1.54,NL,1726440291
102,dazhou,31.2159,107.5009,25.5,72,71,1.46,CN,1726440292
103,guisa,20.255,-76.5386,26.25,87,99,1.36,CU,1726440293
104,geraldton,-28.7667,114.6,13.23,50,0,8.75,AU,1726440294
105,anadyr,64.75,177.4833,7.28,75,20,4.0,RU,1726440004
106,carnarvon,-24.8667,113.6333,19.4,36,0,9.91,AU,1726440297
107,tshabong,-26.05,22.45,15.44,17,100,4.66,BW,1726440298
108,ushuaia,-54.8,-68.3,3.81,75,20,6.69,AR,1726440299
109,alofi,-19.0595,-169.9187,27.94,69,75,4.63,NU,1726440300
110,kirensk,57.7853,108.1119,2.42,92,99,3.82,RU,1726440301
111,cabo san lucas,22.8909,-109.9124,29.31,74,0,7.2,MX,1726440032
112,aykhal,66.0,111.5,-1.7,98,100,2.16,RU,1726440303
113,taksimo,56.3444,114.8794,7.44,81,85,2.13,RU,1726440304
114,cromwell,41.5951,-72.6454,22.48,70,0,2.24,US,1726440305
115,talnakh,69.4865,88.3972,4.26,71,100,4.04,RU,1726440306
116,katsuura,35.1333,140.3,27.32,86,87,3.97,JP,1726440307
117,minas de marcona,-15.2119,-75.1103,11.95,80,7,6.24,PE,1726440309
118,kolonia town,6.964,158.206,27.06,83,100,2.06,FM,1726440310
119,margaret river,-33.95,115.0667,10.83,72,0,5.56,AU,1726440311
120,wailua homesteads,22.0669,-159.378,28.44,74,20,6.69,US,1726440312
121,xichang,27.8964,102.2634,17.92,94,100,0.77,CN,1726440313
122,laguna,38.421,-121.4238,25.62,46,0,5.14,US,1726440314
123,avarua,-21.2078,-159.775,26.03,65,20,8.23,CK,1726440315
124,challapata,-18.9,-66.7667,11.17,9,11,2.53,BO,1726440316
125,isafjordur,66.0755,-23.124,2.97,67,29,2.31,IS,1726440317
126,longyearbyen,78.2186,15.6401,4.91,93,75,1.03,SJ,1726440318
127,gao,16.6362,1.637,31.1,53,28,4.95,ML,1726440319
128,fengxiang,47.5833,130.8333,12.89,67,100,1.38,CN,1726440321
129,kingston,17.997,-76.7936,31.53,74,20,7.72,JM,1726440322
130,kamina,-8.7386,24.9906,20.88,25,6,0.38,CD,1726440323
131,saint-louis,16.3333,-15.0,31.58,51,98,2.82,SN,1726440324
132,santo antonio do sudoeste,-26.0736,-53.7253,14.16,96,100,1.66,BR,1726440325
133,polewali,-3.4324,119.3435,24.64,75,98,0.36,ID,1726440326
134,ambon,-3.6954,128.1814,27.71,95,40,0.51,ID,1726440327
135,guarapari,-20.6667,-40.4975,22.08,89,0,4.7,BR,1726440328
136,mahina,-17.5065,-149.489,27.87,74,75,1.54,PF,1726440329
137,cabanas,22.9758,-82.9219,28.51,78,44,1.73,CU,1726440330
138,happy valley-goose bay,53.3168,-60.3315,13.17,76,75,1.54,CA,1726440333
139,nuuk,64.1835,-51.7216,3.34,100,100,1.03,GL,1726440334
140,port saint john's,-31.6229,29.5448,19.85,82,88,2.88,ZA,1726440335
141,lebu,-37.6167,-73.65,9.42,89,1,5.99,CL,1726440336
142,puerto aysen,-45.4,-72.7,4.65,100,100,2.82,CL,1726440337
143,norrtalje,59.758,18.705,7.69,72,35,0.29,SE,1726440338
144,sretensk,52.2453,117.7093,10.37,83,100,3.31,RU,1726440339
145,puerto ayora,-0.7393,-90.3518,21.97,93,75,4.02,EC,1726440341
146,hawaiian paradise park,19.5933,-154.9731,27.73,74,100,4.12,US,1726440342
147,riverton,40.5219,-111.9391,30.99,24,0,5.36,US,1726440343
148,rundu,-17.9333,19.7667,23.53,23,55,1.49,NA,1726440344
149,hithadhoo,-0.6,73.0833,28.33,75,67,4.17,MV,1726440345
150,luganville,-15.5333,167.1667,26.02,86,98,4.45,VU,1726440346
151,shakawe,-18.3667,21.85,24.56,20,20,2.39,BW,1726440347
152,cockburn town,21.4612,-71.1419,30.98,79,40,4.12,TC,1726440348
153,pisco,-13.7,-76.2167,18.03,72,0,6.69,PE,1726440349
154,morondava,-20.2833,44.2833,23.53,88,3,1.08,MG,1726440350
155,guerrero negro,27.9769,-114.0611,22.13,62,0,7.82,MX,1726440352
156,punta arenas,-53.15,-70.9167,6.06,70,20,8.23,CL,1726440353
157,espanola,35.9911,-106.0806,28.26,21,75,2.68,US,1726440354
158,sirohi,24.8833,72.8667,22.58,79,3,2.03,IN,1726440355
159,georgetown,5.4112,100.3354,25.96,88,40,3.6,MY,1726440356
160,takoradi,4.8845,-1.7554,23.33,92,55,3.63,GH,1726440357
161,saint-philippe,-21.3585,55.7679,19.55,68,52,5.36,RE,1726440358
162,san antonio de pale,-1.4014,5.6325,24.45,85,70,4.6,GQ,1726440359
163,aasiaat,68.7098,-52.8699,-1.61,88,100,2.4,GL,1726440360
164,buala,-8.145,159.5921,28.54,74,30,2.8,SB,1726440361
165,savanna-la-mar,18.219,-78.1332,29.96,89,100,0.76,JM,1726440362
166,gaspe,48.8334,-64.4819,15.12,82,40,1.54,CA,1726440342
167,fortuna foothills,32.6578,-114.4119,39.19,15,0,7.2,US,1726440365
168,zhongxing,33.7039,118.6792,20.25,89,66,4.14,CN,1726440366
169,gokarna,14.55,74.3167,25.58,83,81,1.6,IN,1726440367
170,oakdale,44.963,-92.9649,30.25,58,0,5.14,US,1726440368
171,metkovic,43.0542,17.6483,11.02,77,80,2.26,HR,1726440369
172,xiva,41.3783,60.3639,19.3,25,100,1.7,UZ,1726440370
173,taroa,8.7058,171.2275,26.69,84,94,4.3,MH,1726440371
174,ust'-kulom,61.6864,53.6902,14.09,97,91,0.95,RU,1726440372
175,quepos,9.4236,-84.1652,27.78,82,91,0.66,CR,1726440373
176,peace river,56.2501,-117.286,19.17,48,40,4.63,CA,1726440375
177,voinjama,8.4219,-9.7478,20.36,100,93,0.79,LR,1726440376
178,hecun,36.5333,114.1111,18.66,68,0,0.5,CN,1726440377
179,thinadhoo,0.5333,72.9333,28.29,76,83,4.62,MV,1726440378
180,sao felix do xingu,-6.6447,-51.995,31.03,26,40,0.76,BR,1726440379
181,grudki,53.0949,23.6685,17.79,47,100,4.13,PL,1726440380
182,cukurca,37.2481,43.6136,18.2,36,41,1.29,TR,1726440381
183,fort mcmurray,56.7268,-111.381,16.77,59,100,1.54,CA,1726440117
184,fauske,67.2588,15.3918,12.75,60,83,2.38,NO,1726440383
185,coquimbo,-29.9533,-71.3436,13.85,82,0,4.12,CL,1726440276
186,ghat,24.9647,10.1728,30.62,36,24,2.22,LY,1726440386
187,sooke,48.3746,-123.7276,20.11,70,15,2.06,CA,1726440387
188,sao tome,0.3365,6.7273,25.44,85,30,3.66,ST,1726440388
189,portland,45.5234,-122.6762,19.8,64,75,2.68,US,1726440176
190,chesma,53.8111,60.6533,10.52,95,15,3.46,RU,1726440390
191,fortuna,40.5982,-124.1573,18.29,75,100,6.17,US,1726440391
192,baskale,38.0453,44.0172,11.72,57,94,0.66,TR,1726440393
193,kenora,49.8167,-94.4337,24.54,69,100,5.66,CA,1726440395
194,kitami,43.8031,143.8908,15.67,61,0,1.05,JP,1726440396
195,mashava,-20.0367,30.4823,24.52,19,0,6.13,ZW,1726440398
196,bikenibeu village,1.3673,173.1241,30.98,70,20,3.09,KI,1726440399
197,aswan,24.0934,32.907,32.61,20,0,1.54,EG,1726440400
198,llorente,11.4119,125.5458,27.3,78,100,4.97,PH,1726440401
199,tiksi,71.6872,128.8694,0.62,81,100,4.7,RU,1726440402
200,hermanus,-34.4187,19.2345,11.56,70,100,1.87,ZA,1726440403
201,lorengau,-2.0226,147.2712,28.03,83,77,4.31,PG,1726440404
202,hamilton,39.1834,-84.5333,31.32,27,0,2.24,US,1726440405
203,kula,38.5473,28.6498,14.27,59,0,0.99,TR,1726440406
204,taunggyi,20.7833,97.0333,17.06,96,97,0.24,MM,1726440407
205,merizo village,13.2658,144.6691,26.31,93,98,10.23,GU,1726440408
206,broken hill,-31.95,141.4333,9.14,45,0,7.11,AU,1726440410
207,pyhaselka,62.4333,29.9667,8.55,97,72,1.84,FI,1726440411
208,kimbe,-5.5502,150.1429,29.49,69,68,0.92,PG,1726440412
209,sola,-13.8833,167.55,26.06,83,79,4.69,VU,1726440413
210,isla mujeres,21.2311,-86.731,30.65,76,72,4.06,MX,1726440414
211,weno,7.4515,151.8468,28.97,84,100,0.0,FM,1726440415
212,humberto de campos,-2.5983,-43.4611,24.93,81,19,2.63,BR,1726440416
213,jamestown,42.097,-79.2353,24.8,43,0,3.09,US,1726440417
214,cavelossim,15.1726,73.9419,25.07,85,99,1.03,IN,1726440418
215,sitka,57.0531,-135.33,13.94,94,100,5.14,US,1726440419
216,dabrowa tarnowska,50.1746,20.9863,14.4,97,100,1.74,PL,1726440421
217,chu,43.5983,73.7614,13.71,39,16,0.79,KZ,1726440422
218,keita,14.7551,5.7749,29.92,58,4,2.89,NE,1726440423
219,waingapu,-9.6567,120.2641,24.7,72,66,1.96,ID,1726440424
220,yarmouth,41.7057,-70.2286,19.45,66,0,2.06,US,1726440425
221,iquique,-20.2208,-70.1431,16.21,84,22,0.86,CL,1726440426
222,santiago de cao,-7.9589,-79.2392,17.07,82,20,4.63,PE,1726440427
223,san ignacio,17.1561,-89.0714,36.08,52,40,3.09,BZ,1726440428
224,shahritus,37.2637,68.1385,19.49,23,16,1.3,TJ,1726440429
225,island harbour,50.724,-1.2758,15.0,64,99,0.45,GB,1726440430
226,remire-montjoly,4.9167,-52.2667,28.02,78,0,3.6,GF,1726440433
227,iskateley,67.6803,53.1512,14.27,76,97,3.33,RU,1726440434
228,pesqueira,-8.3578,-36.6964,16.81,97,13,5.82,BR,1726440435
229,sosnovo-ozerskoye,52.5249,111.5418,3.08,76,0,4.72,RU,1726440436
230,tuzlukcu,38.4778,31.6264,18.34,53,0,4.91,TR,1726440437
231,andovoranto,-18.95,49.1,20.66,69,87,1.51,MG,1726440438
232,san lawrenz,36.0553,14.204,21.03,72,2,6.47,MT,1726440439
233,levuka,50.1834,-105.4011,23.85,31,75,4.12,CA,1726440440
234,trairi,-3.2778,-39.2689,25.55,77,4,5.96,BR,1726440442
235,wakkanai,45.4094,141.6739,17.76,61,0,3.71,JP,1726440443
236,iranshahr,27.2025,60.6848,30.08,30,0,2.3,IR,1726440445
237,praia da vitoria,38.7333,-27.0667,23.2,78,40,2.98,PT,1726440446
238,egilsstadir,65.2653,-14.3948,1.95,75,0,3.6,IS,1726440447
239,tura,25.5198,90.2201,23.94,87,100,2.28,IN,1726440448
240,badger,64.8,-147.5333,11.93,83,20,3.6,US,1726440449
241,saudarkrokur,65.7461,-19.6394,1.14,83,30,0.36,IS,1726440450
242,truro,50.2653,-5.0544,15.6,100,100,3.09,GB,1726440451
243,bandarbeyla,9.4942,50.8122,24.55,78,79,11.93,SO,1726440452
244,horta,38.5333,-28.6333,22.8,79,40,4.02,PT,1726440454
245,singkil,-7.9855,111.4161,22.16,89,59,2.18,ID,1726440455
246,vila franca do campo,37.7167,-25.4333,22.23,75,65,2.16,PT,1726440456
247,gizo,-8.103,156.8419,27.97,77,90,3.29,SB,1726440457
248,susuman,62.7833,148.1667,0.82,71,100,1.47,RU,1726440458
249,barcelos,41.5388,-8.6151,19.02,33,4,2.77,PT,1726440459
250,princeville,45.7668,-61.2985,14.87,87,2,0.45,CA,1726440460
251,fort bragg,35.139,-79.006,23.79,88,20,4.63,US,1726440461
252,jimenez,28.3333,-105.4,30.81,35,7,2.98,MX,1726440463
253,lethem,3.3803,-59.7968,29.57,60,100,0.69,GY,1726440465
254,ust'-ilimsk,58.0006,102.6619,1.48,98,100,2.9,RU,1726440466
255,diyarbakir,37.9158,40.2189,22.99,40,0,1.09,TR,1726440467
256,port lincoln,-34.7333,135.8667,12.02,65,12,5.81,AU,1726440468
257,ingeniero guillermo n. juarez,-23.9,-61.85,21.6,27,0,3.22,AR,1726440469
258,burang,30.25,81.1667,4.75,87,41,1.08,CN,1726440470
259,jalapa,19.5333,-96.9167,22.13,90,100,1.58,MX,1726440471
260,bulgan,48.8125,103.5347,3.63,83,0,1.01,MN,1726440472
261,revda,56.801,59.9303,10.3,98,11,1.1,RU,1726440473
262,cururupu,-1.8283,-44.8683,24.79,81,43,2.28,BR,1726440474
263,san patricio,28.017,-97.5169,29.97,75,100,3.48,US,1726440475
264,faya-largeau,17.9257,19.1043,34.3,15,5,5.47,TD,1726440477
265,kapuskasing,49.4169,-82.4331,27.05,50,75,7.72,CA,1726440478
266,nouadhibou,20.931,-17.0347,21.99,83,2,6.69,MR,1726440479
267,haiku-pauwela,20.9219,-156.3051,29.57,72,10,15.2,US,1726440480
268,tual,-5.6667,132.75,26.54,84,94,6.43,ID,1726440481
269,belyy yar,53.6039,91.3903,3.94,81,0,3.0,RU,1726440482
270,tlahualilo de zaragoza,26.1167,-103.45,29.91,38,17,3.0,MX,1726440483
271,felipe carrillo puerto,19.5833,-88.05,29.54,80,62,1.52,MX,1726440484
272,niquelandia,-14.4739,-48.4597,27.19,21,0,2.33,BR,1726440485
273,rio grande,-32.035,-52.0986,13.03,81,4,3.17,BR,1726440486
274,koryazhma,61.3143,47.1691,14.99,79,100,1.43,RU,1726440380
275,katabu,-4.9333,122.5167,24.5,77,45,1.08,ID,1726440489
276,amga,60.8953,131.9608,3.13,63,98,0.61,RU,1726440490
277,stilfontein,-26.8449,26.7683,15.57,16,100,1.23,ZA,1726440491
278,zhob,31.3411,69.4481,23.04,53,0,1.44,PK,1726440492
279,ust-nera,64.5667,143.2,2.48,74,100,2.35,RU,1726440493
280,thunder bay,48.4001,-89.3168,26.95,65,40,6.17,CA,1726440494
281,hasaki,35.7333,140.8333,25.87,90,67,2.94,JP,1726440495
282,jayapura,-2.5333,140.7,26.66,86,97,1.87,ID,1726440496
283,kudahuvadhoo,2.6708,72.8944,28.78,72,76,4.62,MV,1726440497
284,fruitland,38.3221,-75.6202,23.03,68,0,5.14,US,1726440498
285,sittwe,20.15,92.9,26.45,87,100,5.36,MM,1726440500
286,whakatane,-37.9585,176.9854,13.02,70,100,2.68,NZ,1726440501
287,mount pearl,47.5166,-52.7813,10.64,79,20,5.66,CA,1726440502
288,kutum,14.2,24.6667,25.5,53,85,3.19,SD,1726440503
289,el bauga,18.262,33.9081,33.62,14,24,3.56,SD,1726440504
290,san pedro pochutla,15.7333,-96.4667,32.84,73,91,2.3,MX,1726440505
291,gamba,-2.65,10.0,24.15,90,100,2.2,GA,1726440506
292,ust-tsilma,65.441,52.1498,14.28,90,96,1.84,RU,1726440507
293,port isabel,26.0734,-97.2086,27.79,95,100,3.6,US,1726440510
294,kabansk,52.0486,106.6528,5.83,88,100,0.57,RU,1726440511
295,talghar,43.3044,77.2328,8.03,66,40,2.0,KZ,1726440512
296,hornostayivka,47.0078,33.729,24.05,40,95,11.61,UA,1726440513
297,nar'yan-mar,67.6713,53.087,14.31,76,97,3.34,RU,1726440514
298,sydney mines,46.2367,-60.2177,15.03,88,13,0.45,CA,1726440515
299,al jawf,29.5,38.75,24.0,51,0,4.3,SA,1726440516
300,afif,23.9065,42.9172,27.42,19,22,3.0,SA,1726440517
301,mil'kovo,55.6078,37.7956,14.08,53,68,2.19,RU,1726440518
302,fale old settlement,-9.3852,-171.2468,28.0,76,77,3.92,TK,1726440519
303,dubbo,-32.25,148.6167,9.07,57,0,2.57,AU,1726440521
304,teshi old town,5.5836,-0.1072,25.31,88,40,5.66,GH,1726440522
305,saverne,48.8333,7.25,8.03,89,36,0.16,FR,1726440523
306,castillos,-34.1667,-53.8333,7.95,87,0,2.35,UY,1726440524
307,balykchy,42.4557,76.1861,12.41,57,0,0.48,KG,1726440525
308,opuwo,-18.0607,13.84,20.76,25,48,2.43,NA,1726440526
309,harlingen,26.1906,-97.6961,25.03,100,100,0.0,US,1726440527
310,solhan,38.9634,41.0293,18.53,34,92,1.01,TR,1726440528
311,korla,41.7597,86.1469,19.27,37,19,3.18,CN,1726440529
312,tanjung selor,2.8372,117.3642,24.26,79,100,1.54,ID,1726440530
313,astrakhan,46.3497,48.0408,15.93,51,0,4.0,RU,1726440289
314,chibougamau,49.9168,-74.3659,23.79,60,0,4.12,CA,1726440534
315,visby,57.6409,18.296,13.12,82,81,3.09,SE,1726440535
316,lospalos,-8.5186,127.0025,23.73,68,78,1.68,TL,1726440536
317,alice springs,-23.7,133.8833,12.75,26,75,6.69,AU,1726440537
318,floriano,-6.7669,-43.0225,29.03,31,13,2.06,BR,1726440538
319,mandalgovi,45.7625,106.2708,5.78,70,0,1.1,MN,1726440539
320,bail-hongal,15.8167,74.8667,19.84,93,100,3.54,IN,1726440540
321,kunnamkulam,10.65,76.0833,24.68,91,56,1.14,IN,1726440541
322,woolgoolga,-30.1106,153.2007,15.93,58,4,6.69,AU,1726440543
323,ohara,35.25,140.3833,27.19,86,84,3.63,JP,1726440544
324,la passe,45.5549,-0.8967,13.73,56,72,4.55,FR,1726440545
325,gunnison,38.7,-107.0673,14.88,50,81,0.54,US,1726440546
326,niquero,20.0431,-77.5828,29.8,71,100,2.65,CU,1726440547
327,uturoa,-16.7333,-151.4333,25.74,80,11,3.32,PF,1726440548
328,elsterberg,50.6084,12.1679,11.67,83,100,0.45,DE,1726440549
329,bengkulu,-3.8004,102.2655,24.57,85,47,1.4,ID,1726440553
330,codrington,-38.2667,141.9667,11.28,64,100,6.8,AU,1726440554
331,porto novo,6.4965,2.6036,25.9,92,33,3.65,BJ,1726440555
332,qamdo,31.1667,97.2333,5.49,85,75,0.89,CN,1726440556
333,vanimo,-2.6741,141.3028,27.61,82,99,1.96,PG,1726440557
334,urengoy,65.9667,78.3667,4.3,56,93,3.96,RU,1726440558
335,veraval,20.9,70.3667,25.78,80,2,2.17,IN,1726440559
336,sake,-1.5736,29.045,18.21,58,49,0.25,CD,1726440561
337,navalmoral de la mata,39.8916,-5.5406,21.94,22,0,0.97,ES,1726440562
338,chifeng,42.2683,118.9636,15.86,55,100,2.46,CN,1726440563
339,maintirano,-18.0667,44.0167,24.05,75,1,1.98,MG,1726440564
340,sabang,5.8933,95.3214,28.11,75,82,10.97,ID,1726440565
341,hauterive,46.0901,3.4459,7.33,90,42,1.45,FR,1726440566
342,taltal,-25.4,-70.4833,18.71,56,26,2.53,CL,1726440567
343,papao,-17.75,-149.55,27.82,81,33,2.74,PF,1726440569
344,kangaba,11.9333,-8.4167,23.06,94,100,2.15,ML,1726440570
345,vernon,50.2581,-119.2691,21.74,33,0,2.68,CA,1726439991
346,waterloo,43.4668,-80.5164,26.27,44,0,4.12,CA,1726440573
347,bodaybo,57.8506,114.1933,6.98,92,100,2.02,RU,1726440574
348,baruun-urt,46.6806,113.2792,7.09,81,0,2.42,MN,1726440575
349,myski,53.709,87.8014,-1.29,98,12,0.9,RU,1726440576
350,aracataca,10.5918,-74.1898,29.76,72,61,3.5,CO,1726440577
351,labasa,-16.4167,179.3833,29.41,60,52,3.14,FJ,1726440578
352,mahibadhoo,3.7833,72.9667,28.86,72,82,4.95,MV,1726440579
353,autazes,-3.5797,-59.1306,32.46,32,9,1.71,BR,1726440580
354,borogontsy,62.6683,131.1683,1.76,70,4,1.98,RU,1726440581
355,andergrove,-21.0833,149.1833,20.95,73,32,8.42,AU,1726440583
356,manokwari,-0.8667,134.0833,27.61,76,93,1.96,ID,1726440584
357,kerikeri,-35.2268,173.9474,14.95,87,100,2.68,NZ,1726440585
358,boldumsaz,42.1282,59.671,17.3,33,71,3.71,TM,1726440586
359,sofifi,0.7349,127.576,26.97,79,100,3.61,ID,1726440587
360,kralendijk,12.15,-68.2667,30.99,70,20,7.2,BQ,1726440588
361,vadso,70.0744,29.7487,8.09,93,40,4.12,NO,1726440589
362,kampong thom,12.7111,104.8887,24.52,91,100,4.44,KH,1726440590
363,wynyard,-41.0,145.7167,11.77,75,100,2.24,AU,1726440591
364,smithers,54.7804,-127.1743,15.18,51,75,1.03,CA,1726440592
365,aqadyr,48.2553,72.8483,9.47,73,6,3.31,KZ,1726440594
366,newman,37.3138,-121.0208,27.24,33,50,6.71,US,1726440595
367,pimenta bueno,-11.6725,-61.1936,34.15,24,80,2.32,BR,1726440596
368,yuzhno-kurilsk,44.0306,145.8556,17.22,67,0,6.76,RU,1726440597
369,nsanje,-16.92,35.262,26.23,52,2,1.5,MW,1726440598
370,ashland,40.8167,-82.2665,28.3,36,0,5.28,US,1726440599
371,aberdeen,57.1437,-2.0981,10.27,89,0,3.09,GB,1726440600
372,victoria,22.2855,114.1577,28.51,83,30,2.24,HK,1726440463
373,slyudyanka,51.6594,103.7061,5.03,95,100,1.69,RU,1726440602
374,axim,4.8699,-2.2405,23.25,93,55,3.36,GH,1726440605
375,zheleznodorozhnyy,55.7503,38.0042,16.72,51,56,1.82,RU,1726440606
376,yakeshi,49.2833,120.7333,13.28,58,51,4.4,CN,1726440607
377,rongelap,11.1635,166.8941,28.64,78,83,7.02,MH,1726440608
378,kavaratti,10.5669,72.642,26.54,85,67,4.67,IN,1726440609
379,gadzhiyevo,69.2551,33.3362,9.31,98,100,2.78,RU,1726440610
380,sao vicente,-23.9631,-46.3919,19.43,26,100,3.3,BR,1726440417
381,barcelona,41.3888,2.159,21.97,56,0,2.57,ES,1726440447
382,marsh harbour,26.5412,-77.0636,29.74,70,98,2.08,BS,1726440334
383,sabha,27.0377,14.4283,29.96,34,0,5.37,LY,1726440615
384,vieste,41.8825,16.175,18.87,67,99,5.85,IT,1726440616
385,tefe,-3.3542,-64.7114,32.06,66,0,1.54,BR,1726440618
386,la gi,10.6667,107.7833,24.46,94,98,4.23,VN,1726440619
387,ngaoundere,7.3167,13.5833,17.96,90,97,0.72,CM,1726440620
388,sidi khaled,34.387,4.9879,26.11,42,6,3.38,DZ,1726440621
389,ringkobing,56.0901,8.244,13.99,94,75,2.57,DK,1726440622
390,saint-francois,46.4154,3.9054,8.14,88,0,2.06,FR,1726440623
391,barbate,36.1924,-5.9219,20.84,74,18,6.91,ES,1726440625
392,carutapera,-1.195,-46.02,25.99,80,40,5.05,BR,1726440627
393,solnechnogorsk,56.1833,36.9833,14.69,55,13,2.11,RU,1726440628
394,skelleftea,64.7507,20.9528,6.2,100,3,2.06,SE,1726440629
395,kuqa,41.7278,82.9364,20.72,33,60,2.1,CN,1726440630
396,cradock,-32.1642,25.6192,11.21,90,36,2.93,ZA,1726440631
397,bubaque,11.2833,-15.8333,25.92,86,100,5.85,GW,1726440632
398,kaya,13.0917,-1.0844,24.02,85,62,2.78,BF,1726440633
399,san juan,-31.5375,-68.5364,22.05,20,0,4.74,AR,1726440634
400,stepnogorsk,52.3544,71.8869,6.11,74,18,6.05,KZ,1726440636
401,st ives,50.2086,-5.4875,14.0,95,100,4.53,GB,1726440637
402,selfoss,63.9331,-20.9971,2.8,67,72,4.05,IS,1726440638
403,shiraz,29.6036,52.5388,22.69,46,0,2.06,IR,1726440640
404,galesong,-5.3166,119.3661,25.58,67,55,3.16,ID,1726440641
405,caldaro sulla strada del vino,46.4133,11.2462,12.19,63,97,1.96,IT,1726440642
406,timbuktu,16.7735,-3.0074,27.93,60,79,7.89,ML,1726440643
407,port shepstone,-30.7414,30.455,18.71,85,70,1.19,ZA,1726440644
408,colares,38.7992,-9.4469,24.55,22,4,6.02,PT,1726440646
409,yeed,4.55,43.0333,24.5,58,23,7.27,SO,1726440647
410,motygino,58.1831,94.7592,-0.61,94,78,1.43,RU,1726440648
411,vangviang,18.9333,102.45,20.64,99,100,0.9,LA,1726440649
412,mogocha,53.7333,119.7667,7.76,93,43,1.27,RU,1726440650
413,teresopolis,-22.4122,-42.9656,16.77,96,84,0.96,BR,1726440651
414,acarau,-2.8856,-40.12,25.57,80,3,8.49,BR,1726440652
415,hargeysa,9.56,44.065,23.81,43,41,10.53,SO,1726440653
416,barguzin,53.6167,109.6167,3.91,88,39,3.72,RU,1726440654
417,amboasary,-25.0333,46.3833,22.42,76,1,1.17,MG,1726440656
418,tsiombe,-25.3,45.4833,20.6,74,0,1.75,MG,1726440658
419,leava,-14.3,-178.1667,26.75,79,73,4.66,WF,1726440659
420,dalandzadgad,43.5708,104.425,11.45,57,18,0.71,MN,1726440660
421,nova sintra,14.8667,-24.7167,26.37,77,89,4.06,CV,1726440661
422,howrah,22.5892,88.3103,26.0,100,100,5.66,IN,1726440662
423,tarko-sale,64.9225,77.785,4.96,54,99,4.23,RU,1726440663
424,kirakira,-10.4544,161.9205,28.97,73,34,1.83,SB,1726440664
425,nema,57.5067,50.5011,12.83,90,38,1.76,RU,1726440665
426,vila velha,-20.3297,-40.2925,24.97,86,75,5.14,BR,1726440666
427,zuunmod,47.7069,106.9528,-2.43,92,0,0.51,MN,1726440667
428,withernsea,53.7311,0.0335,12.95,90,77,4.8,GB,1726440669
429,tamanrasset,22.785,5.5228,22.95,64,40,2.06,DZ,1726440670
430,shache,38.4167,77.2406,19.29,34,14,4.22,CN,1726440671
431,puerto asis,0.5133,-76.5007,29.13,54,15,0.61,CO,1726440672
432,ilanskiy,56.2358,96.065,1.89,88,100,1.65,RU,1726440673
433,sinabang,2.4803,96.3801,25.35,83,98,1.14,ID,1726440674
434,kashgar,39.4547,75.9797,18.56,48,75,8.0,CN,1726440675
435,waitara,-38.925,174.25,11.67,86,100,8.9,NZ,1726440676
436,pohang,36.0322,129.365,21.84,94,100,5.81,KR,1726440677
437,turkestan,43.3333,68.25,16.26,33,85,2.16,KZ,1726440678
438,maues,-3.3836,-57.7186,34.48,27,36,0.86,BR,1726440679
439,bousso,10.4795,16.7117,22.09,85,100,0.83,TD,1726440681
440,ploudalmezeau,48.5333,-4.65,9.21,93,0,0.0,FR,1726440682
441,lata,40.1629,-8.3327,16.12,33,0,2.01,PT,1726440684
442,shingu,33.7333,135.9833,27.09,86,21,0.72,JP,1726440685
443,el calafate,-50.3408,-72.2768,3.24,90,66,3.87,AR,1726440686
444,tralee,52.2704,-9.7026,9.56,93,69,1.81,IE,1726440687
445,kharabali,47.4196,47.2568,17.43,43,2,4.56,RU,1726440688
446,campbell river,50.0163,-125.2446,19.22,55,20,2.06,CA,1726440689
447,lazaro cardenas,17.9583,-102.2,29.7,76,100,2.95,MX,1726440690
448,beyneu,45.3167,55.2,21.04,35,99,4.95,KZ,1726440692
449,sajir,25.1825,44.5996,28.01,22,4,1.91,SA,1726440693
450,mutuali,-14.8706,37.0044,22.85,41,0,1.32,MZ,1726440694
451,mugia,43.1041,-9.2179,16.06,70,38,9.15,ES,1726440695
452,mukalla,14.5425,49.1242,27.37,82,100,3.95,YE,1726440696
453,karaidel',55.8337,56.9069,11.0,91,2,1.24,RU,1726440697
454,channagiri,14.0333,75.9333,19.47,97,95,3.56,IN,1726440698
455,east london,-33.0153,27.9116,17.22,80,94,5.85,ZA,1726440699
456,banda aceh,5.5577,95.3222,26.85,73,60,6.49,ID,1726440701
457,tres arroyos,-38.3739,-60.2798,7.14,51,22,2.5,AR,1726440702
458,kalmunai,7.4167,81.8167,27.0,79,100,3.18,LK,1726440704
459,qaisumah,28.3112,46.1273,29.98,17,0,0.0,SA,1726440705
460,castro alves,-12.7656,-39.4283,20.05,89,0,2.81,BR,1726440706
461,sohagpur,22.7,78.2,21.31,96,77,2.47,IN,1726440707
462,santa maria del oro,25.9333,-105.3667,24.62,49,86,4.01,MX,1726440708
463,aksu,41.1231,80.2644,18.77,46,31,2.81,CN,1726440709
464,palmerston north,-40.35,175.6167,14.86,73,96,0.45,NZ,1726440698
465,antsiranana,-12.2787,49.2917,21.72,72,8,8.45,MG,1726440711
466,scottburgh,-30.2867,30.7532,18.54,82,72,1.78,ZA,1726440712
467,lev tolstoy,53.2134,39.446,14.72,40,9,3.54,RU,1726440715
468,mossel bay,-34.1831,22.146,13.96,80,100,5.16,ZA,1726440716
469,taulaga,-11.0553,-171.0883,27.84,77,77,6.36,AS,1726440717
470,nelson bay,-32.7167,152.15,12.84,56,62,5.36,AU,1726440718
471,kaiapoi,-43.3783,172.6401,9.49,85,75,6.17,NZ,1726440719
472,malayer,34.2969,48.8235,17.35,42,91,1.76,IR,1726440721
473,saint-joseph,-21.3667,55.6167,18.21,68,48,4.36,RE,1726440722
474,mhamid,29.82,-5.72,31.92,22,0,2.83,MA,1726440723
475,flying fish cove,-10.4217,105.6791,23.82,94,75,3.09,CX,1726440724
476,suva,-18.1416,178.4415,27.71,74,75,1.03,FJ,1726440726
477,tacuarembo,-31.7333,-55.9833,10.59,84,0,2.32,UY,1726440727
478,wuwei,37.9281,102.6414,15.22,78,78,0.36,CN,1726440728
479,kondagaon,19.6,81.6667,20.87,93,100,2.52,IN,1726440729
480,kargil,34.5667,76.1,6.5,53,1,2.66,IN,1726440730
481,yanchep,-31.55,115.6833,12.17,62,0,6.04,AU,1726440731
482,turpan,42.9333,89.1667,22.13,28,2,1.66,CN,1726440732
483,kanbe,16.7053,96.0017,26.03,96,93,1.11,MM,1726440734
484,arno,60.1167,18.6333,9.45,65,71,1.81,SE,1726440735
485,francistown,-21.17,27.5079,24.68,21,46,3.9,BW,1726440736
486,uttar char fasson,22.2332,90.7132,28.24,81,100,9.86,BD,1726440738
487,tvoroyri,61.5556,-6.8111,8.79,74,82,7.31,FO,1726440739
488,barra do garcas,-15.89,-52.2567,29.96,24,18,2.24,BR,1726440740
489,sasovo,54.3537,41.9199,13.61,57,32,2.94,RU,1726440741
490,vilyuysk,63.7553,121.6247,-0.1,86,9,1.82,RU,1726440742
491,mineiros,-17.5694,-52.5511,28.79,22,61,2.87,BR,1726440743
492,tazovsky,67.4667,78.7,5.1,63,77,5.86,RU,1726440744
493,tangalle,6.024,80.7911,26.17,87,66,5.02,LK,1726440745
494,ndelele,4.0333,14.9333,19.89,98,75,0.58,CM,1726440748
495,sisimiut,66.9395,-53.6735,3.24,88,97,3.55,GL,1726440749
496,burutu,5.3509,5.5076,24.99,90,98,2.89,NG,1726440750
497,bogale,16.2833,95.4,24.85,93,98,1.87,MM,1726440751
498,raduzhny,62.0961,77.475,2.9,68,38,1.79,RU,1726440753
499,dolores,-36.3132,-57.6792,10.47,63,80,3.31,AR,1726440754
500,brookings,44.3114,-96.7984,29.0,48,0,7.2,US,1726440755
501,krasnoslobodsk,48.7072,44.5714,17.9,42,0,4.0,RU,1726440756
502,ceres,37.5949,-120.9577,28.31,33,0,4.12,US,1726440758
503,khabarovsk,48.4808,135.0928,9.89,93,0,2.0,RU,1726440759
504,tabuk,17.4189,121.4443,23.0,97,100,0.37,PH,1726440760
505,tyuratam,45.6507,63.3156,18.23,37,98,7.76,KZ,1726440761
506,nuku'alofa,-21.1333,-175.2,26.19,89,40,6.17,TO,1726440762
507,el estor,15.5333,-89.35,29.04,69,100,1.69,GT,1726440763
508,siofok,46.9041,18.058,11.07,84,100,10.72,HU,1726440764
509,mana,5.6592,-53.7767,26.99,81,35,5.43,GF,1726440765
510,ulladulla,-35.35,150.4667,10.99,37,0,2.32,AU,1726440766
511,mitu,1.1983,-70.1733,25.85,75,85,0.71,CO,1726440767
512,naze,28.3667,129.4833,27.51,88,95,4.64,JP,1726440768
513,ancud,-41.8697,-73.8203,7.41,86,26,2.02,CL,1726440770
514,tofol,5.3248,163.0078,28.88,89,75,2.06,FM,1726440771
515,huarmey,-10.0681,-78.1522,17.93,80,5,4.56,PE,1726440772
516,arenas de san pedro,40.2104,-5.0869,18.85,20,0,4.1,ES,1726440773
517,fandriana,-20.2333,47.3833,10.7,92,2,1.13,MG,1726440774
518,karukh,34.4811,62.5863,15.57,32,44,4.54,AF,1726440775
519,folkston,30.8305,-82.0098,25.01,88,89,2.54,US,1726440776
520,isiro,2.7739,27.616,20.39,95,94,0.7,CD,1726440777
521,betio village,1.358,172.9211,31.02,72,26,4.03,KI,1726440778
522,paita,-5.0892,-81.1144,17.73,82,69,7.8,PE,1726440779
523,urzhar,47.093,81.6294,12.23,53,1,2.3,KZ,1726440780
524,vrangel',42.7297,133.0839,16.0,70,92,3.61,RU,1726440782
525,barranca,-10.75,-77.7667,16.41,81,16,3.92,PE,1726440783
526,mbandaka,0.0487,18.2603,21.45,98,99,2.3,CD,1726440784
527,juneau,58.3019,-134.4197,11.34,97,100,7.72,US,1726440785
528,puerto armuelles,8.2833,-82.8667,27.83,79,100,3.58,PA,1726440786
529,hakodate,41.7758,140.7367,18.17,68,20,0.51,JP,1726440787
530,nogliki,51.8333,143.1667,13.67,65,5,4.77,RU,1726440788
531,amahai,-3.3333,128.9167,25.45,86,100,0.97,ID,1726440789
532,arta,39.1606,20.9853,19.27,69,11,1.82,GR,1726440790
533,road town,18.4167,-64.6167,30.02,74,40,3.09,VG,1726440791
534,seryshevo,51.0933,128.3786,15.11,62,100,7.79,RU,1726440793
535,banff,51.1762,-115.5698,16.21,39,80,2.06,CA,1726440794
536,lubu,23.1742,112.2809,25.12,92,39,1.05,CN,1726440795
537,puerto leguizamo,-0.1934,-74.7819,29.47,55,27,1.28,CO,1726440796
538,kapa'a,22.0752,-159.319,29.18,70,20,6.69,US,1726440797
539,loreto,22.2667,-101.9667,24.77,49,40,3.04,MX,1726440798
540,tessaoua,13.7574,7.9874,31.16,50,3,4.58,NE,1726440799
541,linqu,36.5156,118.5397,17.81,78,0,1.12,CN,1726440800
542,belomorsk,64.5232,34.7668,14.87,91,80,2.74,RU,1726440801
543,zeya,53.75,127.2667,10.95,66,100,3.5,RU,1726440802
544,manawar,22.2333,75.0833,22.81,85,16,3.07,IN,1726440803
545,zouerate,22.7187,-12.4521,35.86,21,38,5.67,MR,1726440805
546,olinda,-8.0089,-34.8553,25.85,73,40,6.17,BR,1726440806
547,bogotol,56.2078,89.5342,-0.49,91,97,2.17,RU,1726440807
548,phalaborwa,-23.943,31.1411,23.97,35,30,1.03,ZA,1726440808
549,tateyama,34.9833,139.8667,27.75,83,60,2.77,JP,1726440809
550,selty,57.3132,52.1345,12.78,89,4,1.49,RU,1726440810
551,manali,13.1667,80.2667,30.08,69,100,1.34,IN,1726440811
552,lengshuijiang,27.6881,111.4294,22.22,93,100,2.06,CN,1726440812
553,shelkovskaya,43.5069,46.3392,17.2,60,0,6.51,RU,1726440813
554,karamay,45.6004,84.8661,14.46,44,7,1.76,CN,1726440814
555,qionghai,19.2425,110.4642,24.31,95,3,1.39,CN,1726440816
556,saint peter,13.25,-59.6167,28.31,79,10,5.6,BB,1726440817
557,puerto san jose,13.9256,-90.8244,29.76,76,99,3.76,GT,1726440819
558,mokhsogollokh,61.4681,128.9203,1.72,62,88,0.97,RU,1726440820
559,cole harbour,44.6724,-63.4751,17.76,72,4,2.24,CA,1726440821
560,bovril,-31.3431,-59.4451,15.51,54,38,3.04,AR,1726440822
561,shafter,35.5005,-119.2718,31.51,18,0,7.12,US,1726440823
562,landen,50.7538,5.08,13.2,93,73,1.5,BE,1726440824
563,asaita,11.5636,41.4394,33.85,36,14,2.55,ET,1726440827
564,san carlos,9.6612,-68.5827,26.01,86,68,1.11,VE,1726440828
565,ak'ordat,15.5486,37.8867,26.66,62,90,1.53,ER,1726440829
566,gorontalo,0.5412,123.0595,25.79,82,96,1.7,ID,1726440830
567,kloulklubed,7.0419,134.2556,27.98,81,100,9.62,PW,1726440831
568,maba,24.6841,113.5984,24.99,21,28,0.83,CN,1726440832
569,paradip garh,20.3167,86.6167,26.52,79,100,5.87,IN,1726440833
570,dauphin,51.1494,-100.0502,28.08,28,0,8.75,CA,1726440834
571,vorkuta,67.5,64.0,12.53,98,81,3.76,RU,1726440836
572,bonthe,7.5264,-12.505,23.85,92,100,1.59,SL,1726440837
573,eyl,7.9803,49.8164,25.0,72,22,9.72,SO,1726440838
574,saint-pierre,-21.3393,55.4781,18.82,59,0,3.6,RE,1726440839
575,lensk,60.7253,114.9278,2.13,84,100,3.79,RU,1726440840
576,machico,32.7,-16.7667,23.35,78,75,4.12,PT,1726440841
577,daru,-9.0763,143.2092,25.23,89,100,7.62,PG,1726440842
578,ironwood,46.4547,-90.171,27.45,54,0,5.66,US,1726440843
579,portage la prairie,49.9728,-98.2926,27.72,34,9,3.09,CA,1726440844
580,ejigbo,7.9,4.3167,22.25,98,92,2.32,NG,1726440845
581,labrador city,52.9463,-66.9114,21.95,62,75,5.14,CA,1726440846
582,ormara,25.2088,64.6357,26.72,82,14,4.49,PK,1726440848
583,ola,59.5833,151.2833,8.23,64,61,4.28,RU,1726440849
584,chokwe,-24.5333,32.9833,21.94,82,10,1.85,MZ,1726440851
585,zhukovo,55.0318,36.744,14.21,54,62,2.09,RU,1726440852
